"고유번호","대피소명칭","소재지","최대수용인원","현재수용인원","현재운영여부","전화번호","행정동코드","행정동명칭","대피단계","비고","경도","위도"
"2","혜화초등학교","혜화동 13-1 (혜화로 32)","450","0","N","763-0606","11110650","혜화동"," "," ","126.9998906","37.5891283"
"3","새샘교회","홍제동 20-4","100","0","N","720-7040","11410655","홍제2동"," "," ","126.9504844","37.5836603"
"4","한강중앙교회","포은로2가길 66(합정동)","130","0","N","337-6629","11440680","합정동"," "," ","126.9100281","37.5493434"
"5","서울성산초등학교","양화로3길 94(합정동)","200","0","N","324-1407","11440680","합정동"," "," ","126.9106658","37.5534953"
"6","상도1동경로당","상도동 159-282","20","0","N","010-8011-7330","11590530","상도1동"," "," ","126.9482686","37.5003954"
"7","상도초등학교","상도동 238-2","1300","0","N","822-0078","11590560","상도4동"," "," ","126.9374323","37.4997347"
"8","본동초교","노량진동 133","739","0","N","813-0408","11590510","노량진1동"," "," ","126.9536402","37.5100544"
"10","남정초등학교","원효2가 54-1","300","0","N","712-8015","11170560","원효로1동"," "," ","126.9650202","37.5365343"
"11","응암초등학교","응암3동 7-40","1484","0","N","303-3044","11380600","응암3동"," "," ","126.9217785","37.5884354"
"12","제일감리교회","흑석동 80-3","100","0","N","02-817-2541","11590605","흑석동"," "," ","126.9625144","37.5030252"
"13","봉천종합사회복지관","관악로 254","600","0","N","870-4400","11620545","청림동"," "," ","126.9576162","37.4866976"
"14","여의도초등학교","여의도동 40-3","894","0","N","010-2035-3969","11560540","여의동"," "," ","126.9368097","37.5232077"
"15","사당1동주민센터","사당동 105-12","100","0","N","820-2566","11590620","사당1동"," "," ","126.9787764","37.4830902"
"16","서부성결교회","이촌동 208-1","40","0","N","702-1635","11170640","이촌2동"," "," ","126.9537102","37.5283727"
"17","서울 이수 중학교","방배2동 974-22(방배중앙로3길 32)","0","0","N","521-4651","11650610","방배2동"," "," ","126.9901108","37.4811316"
"18","서울공덕초등학교","만리재옛길 13(공덕동)","295","0","N","02-712-1365","11440555","아현동"," "," ","126.9535807","37.5459029"
"19","국사봉중학교","상도동 214-437","700","0","N","822-3615","11590560","상도4동"," "," ","126.9440685","37.4937422"
"20","봉현초등학교","성현로 117","120","0","N","885-1986","11620565","성현동"," "," ","126.9553258","37.4910611"
"22","천주교 외방선교회","성북동 1가 20","800","0","N","3673-2525","11290525","성북동"," "," ","127.0021399","37.5911343"
"23","성동세무서"," ","0","0","N"," ","11200720","송정동"," "," ","127.0628283","37.5484412"
"24","방이중학교","방이2동 53","6000","0","N","415-2193","11710562","방이2동"," "," ","127.1130378","37.5147612"
"25","가락초등학교"," ","0","0","N"," ","11710631","가락1동"," "," ","127.1079155","37.4998298"
"26","성수초교","성수2가 277-32(발전1길 31)","248","0","N","464-5004","11200690","성수2가3"," "," ","127.0629919","37.5444065"
"27","잠신초등학교"," ","0","0","N"," ","11710670","잠실2동"," "," ","127.0878144","37.5159073"
"28","태화기독교종합 사회복지관","수서동 741 (광평로 185)","1300","0","N","2040-1600","11680720","일원본동"," "," ","127.0934544","37.484888"
"29","잠실중학교","신천동 7-1","1300","0","N","418-0586","11710710","잠실6동"," "," ","127.099344","37.5172332"
"30","정릉초등학교","정릉4동 798","2390","0","N","916-2590","11290650","정릉4동"," "," ","127.0055226","37.6198317"
"32","광양중학교","자양2동 674","0","0","N","452-6921","11215830","자양2동"," "," ","127.0853523","37.5303512"
"34","대광고등학교","신설동 53-3","0","0","N","926-4976","11230536","용신동"," "," ","127.0244276","37.5778498"
"308","성실교회교육관","수유동 221-49 (노혜로50)","560","0","N","998-9988","11305630","수유3동"," "," ","127.0229092","37.6403265"
"309","가원초등학교"," ","0","0","N"," ","11710642","문정2동"," "," ","127.1112013","37.4891812"
"35","도봉중학교","도봉2동 622 (마들로 671)","3218","0","N","02-954-2795","11320522","도봉2동"," "," ","127.0457558","37.6708916"
"36","쌍문4동주민센터","쌍문4동 59-7 (시루봉로 62-7)","431","0","N","01-2289-1504","11320681","쌍문4동"," "," ","127.0284014","37.6564809"
"9","방배2동 주민센터","방배2동 462-13","0","0","N","2155-7771","11650610","방배2동"," "," ","126.9856123","37.4797843"
"31","보인고등학교","오금동 162","800","0","N","449-8063","11710570","오금동"," "," ","127.1394478","37.497947"
"37","개포초등학교","개포2동 188 (영동대로 서98길45)","2000","0","N","445-9327","11680670","개포2동"," "," ","127.0704134","37.4868368"
"38","마천초등학교","마천동 183-4","3380","0","N","406-0677","11710540","마천1동"," "," ","127.1526489","37.4955053"
"39","학마을다사랑센터","방학3동446-5 (시루봉로 128)","1279","0","N","02-901-5190","11320710","방학3동"," "," ","127.0278544","37.6621603"
"40","보성중고등학교","방이동 89-22","4300","0","N","406-1341","11710566","오륜동"," "," ","127.134857","37.5197002"
"41","길동초등학교","길동 362","0","0","N","475-5592","11740685","길동"," "," ","127.1448722","37.538511"
"43","안암초등학교","안암동 2가 93","1000","0","N","926-4426","11290600","안암동"," "," ","127.0224721","37.587503"
"44","장위1동 주민센터","장위1동 255-100","60","0","N","941-4761","11290760","장위1동"," "," ","127.0436751","37.6140774"
"45","창일중학교","창1동 369 (노해로 66길 60)","2981","0","N","02-993-9349","11320511","창1동"," "," ","127.046758","37.6488034"
"46","남현교회","개봉동 170-1","0","0","N","2618-8877","11710600","석촌동"," "," ","127.1001476","37.4991267"
"48","잠실여자고등학교","송파2동 179","1500","0","N","2140-8022","11710590","송파2동"," "," ","127.1130719","37.5023094"
"49","명일초등학교","암사1동 418-18","0","0","N","441-5313","11740570","암사1동"," "," ","127.1420279","37.5544231"
"50","개웅초등학교"," ","0","0","N"," ","11530760","개봉3동"," "," ","126.8500846","37.4885099"
"51","성결교회","문래동4가 27-15","276","0","N","2677-4626","11560605","문래동"," "," ","126.8894872","37.515637"
"52","한천초등학교","월계3동 3-7(노원구 마들길 45)","2290","0","N","978-3442","11350580","월계3동"," "," ","127.0688592","37.6205029"
"53","영일초등학교","가리봉동 17","0","0","N","861-0428","11530595","가리봉동"," "," ","126.8838479","37.4853903"
"56","화곡 경로당","화곡8동 341-41","68","0","N","2696-1858","11500593","화곡8동"," "," ","126.8477954","37.5321157"
"57","대길초등학교","신길동 4482","160","0","N","010-4350-8264","11560680","신길6동"," "," ","126.9134649","37.4983265"
"58","중현초등학교","하계2동 272-2(노원구 섬밭길 181)","1000","0","N","973-6703","11350612","하계2동"," "," ","127.0660794","37.6323901"
"59","신남초등학교","신월6동 590-1(절골8길 33)","680","0","N","2697-5821","11470610","신월6동"," "," ","126.8440456","37.5162167"
"61","고덕2동 주민센터","고덕동 226-4","0","0","N","442-1032","11740560","고덕2동"," "," ","127.1643758","37.5605231"
"62","영원중학교","영등포동 576-6","1035","0","N","011-9916-3470","11560515","영등포본동"," "," ","126.9140858","37.5154717"
"63","우정 경로당","방화3동 839","27","0","N","2666-7525","11500641","방화3동"," "," ","126.8185847","37.5745659"
"64","수궁동 주민센터","수궁동 213-42","0","0","N","2620-7650","11530790","수궁동"," "," ","126.8314824","37.493891"
"65","연세중앙교회","궁동 189-1","0","0","N","2680-0002","11530790","수궁동"," "," ","126.8352071","37.495209"
"66","천주교살레시오회","신길동 4491","1363","0","N","010-8635-3523","11560670","신길5동"," "," ","126.9090253","37.5015627"
"67","염경초등학교","염창동 79","1000","0","N","3662-1943","11500510","염창동"," "," ","126.87129","37.554995"
"68","강현중학교","상도동 335-5","300","0","N","815-8335","11590550","상도3동"," "," ","126.9308448","37.5031007"
"69","중계초등학교","중계4동 449-2(노원구 아름6길 19)","1227","0","N","930-5759","11350624","중계4동"," "," ","127.0732997","37.6577443"
"70","서울남교회"," ","0","0","N"," ","11530530","구로2동"," "," ","126.8820542","37.4881908"
"21","중앙고등학교"," ","0","0","N"," ","11110600","가회동"," "," ","126.9868971","37.5840138"
"47","거여초등학교","오금동 108","1200","0","N","400-9200","11710570","오금동"," "," ","127.1408978","37.505164"
"60","세곡초등학교","고척2동 253-129","0","0","N","2613-5275","11530730","고척2동"," "," ","126.8490857","37.5050993"
"71","치현 경로당","방화3동 823-1","96","0","N","2666-8357","11500641","방화3동"," "," ","126.8153271","37.5798578"
"72","영서중학교","구로동 145-20","0","0","N","856-9567","11530540","구로3동"," "," ","126.894405","37.4893503"
"42","동명초교","마장동 556(동명초등길 55)","300","0","N","2299-5125","11200540","마장동"," "," ","127.035735","37.5688553"
"54","대림감리교회","신길동 4794","1250","0","N","010-9688-5634","11560680","신길6동"," "," ","126.9098472","37.4940691"
"73","영신초등학교","신길동 121","1364","0","N","011-9633-9374","11560630","신길1동"," "," ","126.9179782","37.5100825"
"74","신영초등학교","대림동 781","818","0","N","010-6721-3541","11560720","대림3동"," "," ","126.8958089","37.5006962"
"75","정목초등학교","목4동 757(돌언덕길 36)","4786","0","N","2642-0850","11470540","목4동"," "," ","126.870293","37.5373363"
"76","성심여고","원효4가 1-1","160","0","N","702-5501","11170570","원효로2동"," "," ","126.9532015","37.534974"
"78","숭문중고등학교","숭문길 99(대흥동)","600","0","N","715-9812","11440600","대흥동"," "," ","126.9451277","37.5515947"
"79","신상도초등학교","상도동 산65","820","0","N","823-5461","11590540","상도2동"," "," ","126.9440991","37.5003529"
"80","도원동교회","도원동 4-3","40","0","N","712-6012","11170590","용문동"," "," ","126.9577723","37.538875"
"82","흑석초등학교","흑석동 7-1","820","0","N","02-815-5421","11590605","흑석동"," "," ","126.9656204","37.5084712"
"83","은천동주민센터","봉천로33 나길 30","100","0","N","881-4004","11620605","은천동"," "," ","126.9424573","37.4853098"
"84","금호초교","금호3가 165-1(금남시장길 81)","472","0","N","2231-6083","11200615","금호2.3가동"," "," ","127.0199849","37.552715"
"85","용강초등학교","백범로17길 9(대흥동)","600","0","N","717-1660","11440600","대흥동"," "," ","126.9436862","37.548769"
"86","자교교회"," ","0","0","N"," ","11110515","청운효자동"," "," ","126.9714765","37.5811339"
"87","종로문화체육센터","사직동 284-1 (인왕산로 1길 21)","656","0","N","732-9392","11110530","사직동"," "," ","126.9646777","37.574225"
"88","창신초등학교","창신동 128번지 (지봉로 73)","1500","0","N","763-3161","11110670","창신1동"," "," ","127.0144101","37.5762443"
"90","이태원초등학교","이태원2동 406","650","0","N","793-6056","11170660","이태원2동"," "," ","126.9881882","37.5362084"
"91","북가좌초등학교","북가좌동 376-17","270","0","N","372-4376","11410710","북가좌1동"," "," ","126.9076339","37.5777101"
"93","정릉교회(교육관)","정릉1동 139-2","20","0","N","914-8914","11290620","정릉1동"," "," ","127.0142433","37.6030314"
"94","경복고등학교"," ","0","0","N"," ","11110515","청운효자동"," "," ","126.9716546","37.587081"
"95","서울예술고등학교","평창동 217 (세검정로 352)","1220","0","N","2287-0505","11110560","평창동"," "," ","126.968525","37.605569"
"96","서현교회","잔다리로7길 31(서교동)","1000","0","N","010-3535-0897","11440660","서교동"," "," ","126.9160894","37.5527927"
"98","영중초등학교","영등포동7가 53","975","0","N","010-4055-2127","11560535","영등포동"," "," ","126.9039522","37.5238286"
"99","선유정보문화도서관","양평동3가 88-1","38","0","N","010-8756-9595","11560620","양평2동"," "," ","126.8929147","37.5332365"
"100","종로노인종합복지관","이화동 25-1 (율곡로 19길 17-8)","901","0","N","742-9500","11110640","이화동"," "," ","127.0060369","37.5766667"
"101","성일중학교","제기동 271-41","0","0","N","923-8548","11230545","제기동"," "," ","127.0341328","37.5814717"
"102","건국대학교부속중학교","자양1동 764","0","0","N","457-0317","11215820","자양1동"," "," ","127.0816776","37.541192"
"103","전농2동 주민센터","전농동 60-19","0","0","N","2171-6142","11230570","전농2동"," "," ","127.0576385","37.5784972"
"104","청량중학교","청량리동 14","0","0","N","966-4705","11230705","청량리동"," "," ","127.0510851","37.588003"
"105","단대부고체육관","대치1동 1013(도곡로 남42길1)","1394","0","N","2191-2610","11680600","대치1동"," "," ","127.0564098","37.4955666"
"106","송파공업고등학교","거여1동 354","1000","0","N","449-2104","11710531","거여1동"," "," ","127.14209","37.491659"
"107","천호1동 주민센터","강동구 천호동 76-2","0","0","N","489-0414","11740600","천호1동"," "," ","127.1368227","37.5450331"
"81","신구초등학교","신사동 550-11(압구정로 남7길28)","4955","0","N","549-4390","11680510","신사동"," "," ","127.0238994","37.5233225"
"97","샛터경로당","새터산16길 26","41","0","N","374-4021","11440730","성산2동"," "," ","126.908768","37.5671689"
"108","혜원여자고등학교","망우3동 519(봉우재로 58길 39)","1500","0","N","070-8686-2704","11260660","망우3동"," "," ","127.0967718","37.592814"
"77","숭덕초등학교(교사동)","정릉2동 173","600","0","N","914-1454","11290630","정릉2동"," "," ","127.0140313","37.6046427"
"89","삼광초등학교","후암동 190-2","1580","0","N","754-0251","11170510","후암동"," "," ","126.9768736","37.5473127"
"110","둔촌2동 주민센터","강동구 둔촌동 65","0","0","N","489-1516","11740700","둔촌2동"," "," ","127.1419656","37.5333499"
"111","이문1동 주민센터","이문동 120-1","0","0","N","2171-6462","11230740","이문1동"," "," ","127.065512","37.5978229"
"112","삼성2문화복지회관","봉은사로 419 (봉은사로 419)","350","0","N","3443-6590","11680590","삼성2동"," "," ","127.0459862","37.5112094"
"113","아주중학교","잠실7동 115","1660","0","N","415-2604","11710720","잠실7동"," "," ","127.0755624","37.5044359"
"114","중랑청소년수련관","면목4동 1382-10(용마산로 217)","100","0","N","490-0216~7","11260540","면목4동"," "," ","127.0859972","37.5732279"
"115","용곡중학교","중곡4동 산3-11","0","0","N","452-2621","11215770","중곡4동"," "," ","127.0892944","37.5658372"
"116","면남초등학교","면목7동 583-15(면목로304길 38)","1450","0","N","433-0075","11260570","면목7동"," "," ","127.0882851","37.5770708"
"117","번동중학교","번동 231 (오현로35길 87)","1384","0","N","985-3479","11305600","번2동"," "," ","127.0360585","37.6324049"
"118","남천초등학교","마천동 53","2000","0","N","3401-6962","11710550","마천2동"," "," ","127.1502793","37.5010971"
"120","답십리1동 주민센터","답십리동 477-9","0","0","N","2171-6222","11230600","답십리1동"," "," ","127.0511789","37.571937"
"122","월곡초등학교","장위2동 246-194","2427","0","N","915-2787","11290770","장위2동"," "," ","127.046097","37.6100265"
"123","대치1문화센터","대치1동 646-2 (남부순환로 북41길19)","450","0","N","566-2830","11680600","대치1동"," "," ","127.0567995","37.4932558"
"125","수서초등학교","수서동 709 (개포로 북21길46)","1890","0","N","459-1335","11680750","수서동"," "," ","127.1016166","37.4910227"
"126","염창강변 경로당","염창동 114-2","35","0","N","3665-0650","11500510","염창동"," "," ","126.8758771","37.5515224"
"127","덕의초등학교","고척2동 196-4","0","0","N","2685-0928","11530730","고척2동"," "," ","126.8568307","37.5063495"
"128","문창초등학교","신대방동 639","1100","0","N","821-8587","11590670","신대방1동"," "," ","126.9141494","37.4892126"
"129","신월중학교","신월5동 17-6(배움길 31)","330","0","N","2601-4254","11470600","신월5동"," "," ","126.8283968","37.5404771"
"130","우장초등학교","화곡동 18-5","650","0","N","2603-9989","11500615","우장산동"," "," ","126.8460525","37.5491882"
"131","계남초등학교","신정7동 325-7(느티나무길 54)","220","0","N","2645-4332","11470680","신정7동"," "," ","126.8601557","37.5101332"
"132","예촌 경로당","화곡1동 425-9","114","0","N","2065-9834","11500540","화곡1동"," "," ","126.8421456","37.5304363"
"133","가산중학교","독산동 300-21 (시흥대로 115길 48)","5507","0","N","804-1778","11545610","독산1동"," "," ","126.8941597","37.4683134"
"134","당산천주교회","당산동3가 79","1181","0","N","017-244-0254","11560550","당산1동"," "," ","126.8981321","37.5248657"
"135","서울공업고등학교","대방동 390-5","1000","0","N","070-8640-3112","11590660","대방동"," "," ","126.9222769","37.5016163"
"136","강월초등학교","신월7동 987-3(신월로 300)","230","0","N","2699-8586","11470611","신월7동"," "," ","126.8336364","37.5160437"
"137","신목고등학교","신정6동 330-3(안양천길 536)","316","0","N","070-8270-6900","11470670","신정6동"," "," ","126.8743889","37.5127692"
"138","신곡 경로당","화곡4동 466-9","157","0","N","2643-9957","11500570","화곡4동"," "," ","126.8545682","37.5367069"
"139","영동초등학교","당산동 121-22","1133","0","N","010-9025-4663","11560560","당산2동"," "," ","126.9076599","37.5268479"
"140","양원초등학교","신월3동 40-1(화곡로435-6)","1492","0","N","2696-6357","11470580","신월3동"," "," ","126.8234956","37.5383352"
"141","화친 경로당","화곡4동 792-9","29","0","N","2644-4555","11500570","화곡4동"," "," ","126.8594439","37.5311117"
"142","가곡초등학교","내발산동 153-7","500","0","N","2661-7117","11500611","발산1동"," "," ","126.8359438","37.5556716"
"143","당산2동 주민센터","당산동6가 305-4","15","0","N","2670-1130","11560560","당산2동"," "," ","126.9021023","37.5347151"
"109","석관고등학교","석관동 77-1","230","0","N","967-2906","11290810","석관동"," "," ","127.066135","37.6100943"
"124","상계중학교","상계2동 195-5(노원구 노원길 398)","756","0","N","936-6109","11350640","상계2동"," "," ","127.068871","37.6524153"
"144","영등포고등학교","대방동 13-2","1000","0","N","816-8324","11590660","대방동"," "," ","126.9341598","37.5084786"
"119","천호초등학교","천호1동 230-9","0","0","N","470-9772","11740600","천호1동"," "," ","127.1369688","37.5470114"
"145","영도중학교","목4동 735(고목4길 3)","956","0","N","2643-0243","11470540","목4동"," "," ","126.8660078","37.5359049"
"146","고척초등학교"," ","0","0","N"," ","11530720","고척1동"," "," ","126.8572476","37.5009264"
"147","양동중학교","목3동 600-6(한두3길 57)","443","0","N","2642-9055","11470530","목3동"," "," ","126.8687039","37.5481433"
"148","신길3동구립경로동","신길동 290-8","50","0","N","018-260-4940","11560650","신길3동"," "," ","126.9065702","37.5085173"
"149","한민교회","성내2동 218-17","0","0","N","488-8089","11470570","신월2동"," "," ","126.8453788","37.5226361"
"150","덕산중학교","신사1동 265-4","1620","0","N","353-9427","11380631","신사1동"," "," ","126.9043788","37.6019774"
"152","가산초등학교","독산1동 143-23 (남부순환로 1304-11)","1486","0","N","864-4089","11545610","독산1동"," "," ","126.8963861","37.4782029"
"153","신구로초등학교","구로동 105","0","0","N","855-7473","11530560","구로5동"," "," ","126.8892791","37.4995867"
"1","신정사회복지관","신정4동 904-4(신정중앙길 31)","220","0","N","2603-1792","11470650","신정4동"," "," ","126.8604868","37.5264535"
"310","대원고등학교","중곡4동 산 3-18","0","0","N","2204-1567","11215760","중곡3동"," "," ","127.0835198","37.5644753"
"311","서울신방학초등학교","방학3동 310 (시루봉로 173)","2537","0","N","02-956-6504","11320710","방학3동"," "," ","127.029165","37.6660552"
"312","대치4문화센터","대치4동 928-22 (도곡로 북49길23)","950","0","N","568-9311","11680630","대치4동"," "," ","127.0578055","37.4998265"
"313","서울광장초등학교","광장동 389-1","0","0","N","458-0970","11215810","광장동"," "," ","127.1011402","37.5485021"
"314","면일초등학교","망우3동 440(용마산로 100길 13)","800","0","N","437-8116","11260660","망우3동"," "," ","127.0998384","37.5920562"
"315","송파초등학교","송파1동 114","2500","0","N","414-7371","11710580","송파1동"," "," ","127.1111866","37.5073633"
"316","구의중학교","모진동 3-1","0","0","N","452-4953","11215710","화양동"," "," ","127.0792352","37.5428856"
"317","서울초당초등학교","방학동 514-2 (해등로 32길 11)","3309","0","N","02-956-1562","11320710","방학3동"," "," ","127.0219836","37.6583129"
"318","방학중학교","방학2동 313 (시루봉로 188)","2985","0","N","02-956-8342","11320700","방학2동"," "," ","127.0314118","37.6656656"
"319","양진중학교","광장동 산81-5","0","0","N","2049-1205","11215810","광장동"," "," ","127.0983593","37.5450598"
"320","무학여고","행당동 322-1(응봉로 40)","372","0","N","2292-2469","11200570","행당2동"," "," ","127.0332743","37.5572727"
"321","선화예술고등학교","능동 25","1878","0","N","2204-1013~8","11215780","능동"," "," ","127.0879836","37.5508795"
"322","청담고등학교","압구정동 526(압구정로 419)","8000","0","N","514-2878","11680545","압구정동"," "," ","127.0437328","37.5280392"
"323","오남중학교","오류동 산39-40","0","0","N","2687-4236","11530780","오류2동"," "," ","126.8371987","37.4872623"
"324","노량진초교","노량진동 237","650","0","N","814-2489","11590510","노량진1동"," "," ","126.9409405","37.5112156"
"291","양평2동 주민센터","양평동4가 172-1","25","0","N","2670-1225","11560620","양평2동"," "," ","126.8959355","37.5377434"
"304","유현초등학교","수유동 466-52 (인수봉로37길 24)","1864","0","N","985-3121","11305610","수유1동"," "," ","127.0113905","37.631742"
"325","삼전초등학교","삼전동 63","1200","0","N","415-4850","11710610","삼전동"," "," ","127.0927534","37.5017232"
"326","효문고등학교","쌍문1동 468 (우이천로 432)","949","0","N","02-992-0778","11320660","쌍문1동"," "," ","127.0183509","37.65265"
"327","광양고등학교","자양2동 674-1","697","0","N","446-1435","11215830","자양2동"," "," ","127.0850088","37.5293434"
"328","성내동교회","성내2동 135-30","0","0","N","482-1449","11740650","성내2동"," "," ","127.1251979","37.534161"
"329","용동초등학교","중계3동 510-1(노원구 소방서길 41-1)","2201","0","N","948-0865","11350625","중계2.3동"," "," ","127.0692587","37.6418513"
"330","고명초등학교","명일1동 296-1","0","0","N","3728-5111","11740530","명일1동"," "," ","127.1465021","37.5527209"
"332","시흥초등학교","시흥1동 841-19 (독산로23길 26)","3648","0","N","802-0129","11545670","시흥1동"," "," ","126.9049492","37.4549744"
"333","양강초등학교","신월2동 496(오목로 262)","280","0","N","2698-1213","11470570","신월2동"," "," ","126.8480042","37.5243318"
"335","문래동 성당","문래동3가 77-16","268","0","N","016-9273-4884","11560605","문래동"," "," ","126.890644","37.5173028"
"336","도림초등학교","신길동 288-9","229","0","N","010-8774-7740","11560650","신길3동"," "," ","126.9069114","37.5080706"
"337","곰달래 경로당","화곡1동 922-10","27","0","N","2696-6194","11500540","화곡1동"," "," ","126.8407685","37.529648"
"339","구로5동 주민센터","구로5동 109-4","0","0","N","2620-7600","11530560","구로5동"," "," ","126.8892826","37.5001732"
"189","행당초교","행당동 320(은행나무길 57)","80","0","N","2293-4539","11200560","행당1동"," "," ","127.0346801","37.556548"
"190","여의도여자고등학교","여의도동 40-2","188","0","N","010-3219-8240","11560540","여의동"," "," ","126.9348694","37.5229564"
"191","일원초등학교","일원동 691 (영동대로 동98길20)","2131","0","N","445-8810","11680670","개포2동"," "," ","127.076323","37.4898178"
"192","용산초등학교","한강2가1","1580","0","N","793-9275","11170625","한강로동"," "," ","126.9725709","37.5356176"
"193","신목초등학교","신정2동281-2(꿈나무2길 15-5)","350","0","N","2649-8496","11470630","신정2동"," "," ","126.8726046","37.5171806"
"194","목일중학교","신정6동 330-2(목나무1길 92)","600","0","N","2646-0552","11470670","신정6동"," "," ","126.873753","37.5135132"
"195","개포중학교","개포1동 660-37 (선릉로 948)","900","0","N","573-9170","11680660","개포1동"," "," ","127.0618915","37.4805822"
"196","서울여자고등학교 (체","백범로25길 34(염리동)","580","0","N","703-2211","11440610","염리동"," "," ","126.9482633","37.5479846"
"197","휘경중학교","휘경2동 286-66","0","0","N","2244-6475","11230730","휘경2동"," "," ","127.0626316","37.5869435"
"198","양화중학교","문래동3가 48","719","0","N","016-210-9838","11560605","문래동"," "," ","126.895944","37.5195144"
"199","잠실초등학교"," ","0","0","N"," ","11710690","잠실4동"," "," ","127.1108977","37.5202512"
"200","일심 경로당2","방화1동 217-159","36","0","N","2661-6115","11500630","방화1동"," "," ","126.8160266","37.5668755"
"201","매봉초등학교","개봉동 3","0","0","N","2683-3382","11530740","개봉1동"," "," ","126.8444526","37.5045585"
"202","양남초등학교","자양2동 692","0","0","N","452-8110","11215830","자양2동"," "," ","127.0897244","37.5310602"
"203","중화초등학교","신내2동 531(신내로 7가길 22)","1600","0","N","433-0214","11260690","신내2동"," "," ","127.0942823","37.60333"
"204","장안1동 주민센터","장안동 395-3","0","0","N","2171-6282","11230650","장안1동"," "," ","127.0665531","37.5677935"
"205","시영경로당","고덕1동 494","0","0","N","441-4420","11740550","고덕1동"," "," ","127.1490669","37.5585842"
"171","구립용왕경로당","목2동 517-22(달거리길 97)","100","0","N","2646-6315","11470520","목2동"," "," ","126.8797749","37.5462225"
"184","홍제1동주민센터","홍제동 171-1","35","0","N","330-8402","11410620","홍제1동"," "," ","126.9448951","37.5876999"
"206","암사1동 주민센터","강동구 암사동 493-13","0","0","N","442-1204","11740570","암사1동"," "," ","127.1326698","37.5514658"
"207","충신교회","북가좌동 324-4","150","0","N","306-7751","11410720","북가좌2동"," "," ","126.91075","37.5818448"
"208","마리스타교육관","토정로2길 37(합정동)","100","0","N","3141-1817","11440680","합정동"," "," ","126.9139085","37.5448609"
"212","구립창신경로당","신길동 89-197","50","0","N","845-2632","11560630","신길1동"," "," ","126.9206879","37.5099704"
"213","매동초등학교","필운동 32번지 (사직로 9길 19)","1227","0","N","737-5083","11110530","사직동"," "," ","126.9669392","37.5775087"
"214","등서초등학교","화곡동1130-4","500","0","N","2695-2490","11500591","화곡6동"," "," ","126.8550582","37.5518833"
"215","안골 경로당","화곡8동 155-1","37","0","N","2605-8574","11500593","화곡8동"," "," ","126.8507829","37.536006"
"216","양동초등학교","신정4동 941(양동5길 28)","200","0","N","2602-9706","11470650","신정4동"," "," ","126.8512654","37.5258547"
"209","명지대방목학술정보관","남가좌동 50-3","1230","0","N","300-1551","11410700","남가좌2동"," "," ","126.9231625","37.5803467"
"217","인왕중학교","홍제동 9-27","30","0","N","396-5405","11410640","홍제3동"," "," ","126.9517221","37.5927763"
"219","내발산초등학교","내발산동 707","750","0","N","3664-6829","11500615","우장산동"," "," ","126.8379309","37.5516106"
"220","삼오경로당","남가좌동 5-93","27","0","N","375-3502","11410700","남가좌2동"," "," ","126.9218074","37.5821284"
"221","구립양화경로당","양평동3가 68","82","0","N","2634-03759","11560620","양평2동"," "," ","126.8899568","37.5428831"
"222","교동초등학교","경운동 2 (삼일대로 446)","1400","0","N","763-6626","11110615","종로1.2.3.4가동"," "," ","126.9881341","37.5749875"
"223","역삼1동문화센터","역삼1동 829-20 (역삼로 북4길16)","3000","0","N","568-9897","11680640","역삼1동"," "," ","127.033256","37.495335"
"224","강서초등학교","신월4동 441(오목로 332)","900","0","N","2604-6107","11470590","신월4동"," "," ","126.8409982","37.5224143"
"225","동부 경로당","방화1동 168-87","30","0","N","2664-0402","11500630","방화1동"," "," ","126.8198968","37.5725204"
"226","둔촌초등학교","둔촌1동 170-2","0","0","N","475-4878","11740690","둔촌1동"," "," ","127.1372817","37.526241"
"227","대원여자고등학교","중곡4동 산3-18","0","0","N","2204-1621~2","11215770","중곡4동"," "," ","127.0888117","37.5628192"
"228","불암초등학교","중계본동 366-2(노원구 무수동길 178)","860","0","N","932-5583","11350619","중계본동"," "," ","127.0805707","37.651165"
"229","천호중학교","천호1동 38-1","0","0","N","470-7975","11740600","천호1동"," "," ","127.1395344","37.5467561"
"231","성내초등학교","성내1동 300-3","0","0","N","475-3938","11740640","성내1동"," "," ","127.122673","37.53151"
"232","면목초등학교","면목본동 221(면동로 434)","2500","0","N","491-4341","11260565","면목본동"," "," ","127.0876996","37.5913201"
"233","청담초등학교","청담동 142 (압구정로 북46길9)","4242","0","N","544-2107","11680565","청담동"," "," ","127.0451616","37.5282805"
"234","서울쌍문초등학교","쌍문1동 360-4 (우이천로 360)","2336","0","N","02-992-5673","11320660","쌍문1동"," "," ","127.0244052","37.6489712"
"235","중랑초등학교","면목2동 192-1(봉우재로6길 26)","1061","0","N","437-4147","11260520","면목2동"," "," ","127.0755697","37.5895902"
"236","공릉초등학교","공릉1?3동 610-1(노원구 공대천 1길 8)","630","0","N","949-0216","11350605","공릉1.3동"," "," ","127.0742531","37.6193069"
"237","강일동 주민센터","강일동 678","0","0","N","442-0387","11740515","강일동"," "," ","127.1740361","37.5649828"
"238","고덕1동 주민센터","고덕동 670-2","0","0","N","442-0915","11740550","고덕1동"," "," ","127.1489198","37.5590548"
"239","면동초등학교","면목본동 551(면동로57길 32)","300","0","N","434-2697","11260565","면목본동"," "," ","127.0863636","37.5854269"
"240","면목고등학교","면목3.8동 77(용마산로72길 36-14)","1600","0","N","435-0002","11260575","면목3.8동"," "," ","127.0972465","37.5843988"
"241","한빛사회복지관","신월4동 540-1(수양버들8길26)","280","0","N","2690-8762","11470590","신월4동"," "," ","126.8402446","37.5190795"
"242","상봉중학교","상봉1동 282(상봉중앙로8 나길 28)","1200","0","N","436-4452","11260580","상봉1동"," "," ","127.0901155","37.601554"
"245","방산초등학교","방이1동 220-4","2200","0","N","420-5221","11710561","방이1동"," "," ","127.1210955","37.5095526"
"246","문정중학교","문정1동 12-1","900","0","N","448-6845","11710641","문정1동"," "," ","127.1302549","37.4884324"
"211","희우경로당","동교로 62-6(합정동)","25","0","N","333-8898","11440680","합정동"," "," ","126.9090747","37.5531674"
"247","상일동 주민센터","상일동 131-1","0","0","N","442-0413","11740520","상일동"," "," ","127.1655314","37.5516092"
"248","신명초등학교","길동 42","0","0","N","489-4073","11740685","길동"," "," ","127.1500551","37.5410007"
"249","영등포동 주민센터","영등포동2가 222-2","20","0","N","2670-1450","11560535","영등포동"," "," ","126.9107094","37.5203992"
"251","우신초등학교","신길동 210","82","0","N","010-3002-2714","11560660","신길4동"," "," ","126.9118456","37.5099053"
"263","등촌초등학교","등촌동 520-4","900","0","N","2651-9280","11500530","등촌2동"," "," ","126.8578108","37.5476094"
"276","용산교회","원효1가 27-29","100","0","N","712-2290","11170530","남영동"," "," ","126.9732429","37.547738"
"283","북성초등학교","북아현동 215","715","0","N","362-1290","11410555","북아현동"," "," ","126.9517835","37.5593457"
"284","서울제일교회","성내3동 437-12","0","0","N","473-4889","11440565","공덕동"," "," ","126.960287","37.5572274"
"285","월곡감리교회","월곡2동 29-139","40","0","N","912-4439","11290725","월곡2동"," "," ","127.0403982","37.6029767"
"286","홍제초등학교","홍은동 48-112","815","0","N","396-7235","11410660","홍은1동"," "," ","126.9442854","37.592688"
"287","답십리초등학교","답시리동 276-3","0","0","N","2244-6173","11230600","답십리1동"," "," ","127.0554779","37.5688794"
"288","신용산초등학교","이촌동 301-75","870","0","N","795-0214","11170630","이촌1동"," "," ","126.9764757","37.5202766"
"254","능안 경로당","등촌2동 517-1","18","0","N","2643-2943","11500530","등촌2동"," "," ","126.859924","37.5466468"
"266","성산성결교회","포은로 30(합정동)","100","0","N","3143-2333","11440680","합정동"," "," ","126.9081484","37.550538"
"289","서울중동초(정보관2층 다목적실)","월드컵북로 152","39","0","N","373-4693","11440730","성산2동"," "," ","126.911639","37.566879"
"290","신사초등학교","신사2동 98-32","4093","0","N","373-9356","11380632","신사2동"," "," ","126.9120055","37.5928368"
"292","길 동 주민센터","강동구 길동 103-1","0","0","N","489-0927","11740685","길동"," "," ","127.1462094","37.5392322"
"293","까치산 경로당","화곡1동 359-126","62","0","N","2697-0182","11500540","화곡1동"," "," ","126.8413967","37.5367691"
"294","하마터 경로당","화곡2동 883-3","46","0","N","2693-9189","11500550","화곡2동"," "," ","126.8537711","37.5301177"
"295","무악동주민센터","무악동 60-2 (통일로14길 36)","363","0","N","2148-5157","11110570","무악동"," "," ","126.958142","37.5759837"
"296","월드비전교회","신림동 1444-18","40","0","N","878-9504","11620695","신림동"," "," ","126.9242737","37.4895328"
"297","재동초등학교","가회동 210 (북촌로 4길 7)","245","0","N","763-1813","11110600","가회동"," "," ","126.985687","37.57989"
"298","북부경로당","이태원 227-1","30","0","N","794-6875","11170660","이태원2동"," "," ","126.9925577","37.5404771"
"299","경복초등학교","능동 25","860","0","N","2204-1200","11215780","능동"," "," ","127.0868094","37.5498184"
"300","덕성여자대학교","삼양로 144길 33 (시루봉로 419)","2553","0","N","02-901-8000","11320660","쌍문1동"," "," ","127.0166893","37.651461"
"301","중화고등학교","중화1동 21-4(봉화산로 27길 62)","1100","0","N","491-6807","11260600","중화1동"," "," ","127.0836716","37.6045778"
"303","전농1동 주민센터","전농동 678-1","0","0","N","2171-6102","11230560","전농1동"," "," ","127.0477473","37.5779753"
"305","서울신화초등학교","창3동 504-33 (우이천로 120)","2067","0","N","02-992-9017","11320513","창3동"," "," ","127.0410585","37.6327676"
"306","면목중학교","면목3.8동 490(용마산로70길 37)","850","0","N","437-0278","11260575","면목3.8동"," "," ","127.0965898","37.5830681"
"307","동신초등학교","보문동 3가 228","100","0","N","925-3442","11290610","보문동"," "," ","127.0167373","37.5827189"
"518","양화진경로당","양화진길 43(합정동)","35","0","N","334-7797","11440680","합정동"," "," ","126.9123948","37.5466977"
"519","한남초등학교","한남동 726-1","2350","0","N","749-2373","11170685","한남동"," "," ","127.0048805","37.5393765"
"520","동신중학교","천호3동 447-9","0","0","N","475-5592","11740620","천호3동"," "," ","127.13311","37.536781"
"521","동대문중학교","전농동 331","0","0","N","2212-0421","11230560","전농1동"," "," ","127.0515154","37.5745689"
"252","서울조원초등학교","548-2(강남길67)","188","0","N","869-2236","11620725","조원동"," "," ","126.9095481","37.4841727"
"218","인창중학교","충정로2가 70","450","0","N","300-4500","11410565","충현동"," "," ","126.9642416","37.5653655"
"230","천호2동 주민센터","강동구 천호동 337-121","0","0","N","489-0437","11740610","천호2동"," "," ","127.1207594","37.5426007"
"243","양진초등학교","광장동 산 81-5","0","0","N","454-9311","11215810","광장동"," "," ","127.0985423","37.5442532"
"253","성서중학교","성산로4길 42 (성산동)","2560","0","N","324-8023","11440720","성산1동"," "," ","126.9091181","37.5628448"
"255","수도여자고등학교","신대방동 470-13","800","0","N","2102-3504","11590680","신대방2동"," "," ","126.9155706","37.4930758"
"256","인헌초등학교체육관","관악구 낙성대길 23","500","0","N","872-8101","11620585","낙성대동"," "," ","126.9606291","37.4759283"
"257","양화초등학교","목2동 542(양화길 43)","1422","0","N","2647-4360","11470520","목2동"," "," ","126.8753459","37.5437613"
"258","영등포초등학교","문래동1가 35-2","650","0","N","010-8001-9104","11560605","문래동"," "," ","126.8982736","37.5129485"
"259","서울 방배 초등학교","방배4동 861-1 (방배초등길 20)","0","0","N","595-9612","11650621","방배4동"," "," ","126.9878564","37.4872461"
"260","연희동자치회관","연희동 122-16","100","0","N","330-8246","11410615","연희동"," "," ","126.930827","37.5693319"
"261","상암초등학교 (체육관","월드컵북로 353(상암동)","120","0","N","010-4204-9215","11440740","상암동"," "," ","126.8921946","37.5761802"
"262","장훈고등학교","신길동 176","1000","0","N","010-5170-1849","11560515","영등포본동"," "," ","126.9150892","37.5130079"
"264","대림중학교","대림동 959","420","0","N","010-5605-0577","11560700","대림1동"," "," ","126.9070193","37.4922269"
"265","문창중학교","신대방동 364-58","700","0","N","821-8587","11590680","신대방2동"," "," ","126.9223506","37.4958165"
"267","건국대학교 사범대학","화양동 1","0","0","N","450-3802","11215710","화양동"," "," ","127.077444","37.543197"
"268","상록보육원","1083-29","50","0","N","584-7097","11620630","남현동"," "," ","126.9766545","37.4736571"
"269","봉제 경로당","화곡본동 산 47-16","27","0","N","2603-7501","11500590","화곡본동"," "," ","126.8516996","37.5457403"
"270","영은교회","양평동3가 8-2","500","0","N","011-395-2330","11560610","양평1동"," "," ","126.8900051","37.5252916"
"271","도림천주교회","도림동 161","120","0","N","833-9439","11560585","도림동"," "," ","126.9014245","37.5105206"
"272","구립신길5동제2경로당","신길동 343-3","30","0","N","847-8843","11560670","신길5동"," "," ","126.9054364","37.5017643"
"273","신길7제1구립노인정","신길동 897-3","50","0","N","843-2179","11560690","신길7동"," "," ","126.9213962","37.5064521"
"274","당산1동 주민센터","당산동3가 250","50","0","N","2670-1452","11560550","당산1동"," "," ","126.8973782","37.5250013"
"275","서원동주민센터","관악구 신림로 282","50","0","N","010-8906-9228","11620645","서원동"," "," ","126.9313905","37.4797795"
"277","서울디자인고교","백범로 139(염리동)","600","0","N","715-2261","11440610","염리동"," "," ","126.947995","37.5469717"
"279","주영광교회","번동 461-66 (한천로 1004)","187","0","N","999-0543","11710620","가락본동"," "," ","127.1230627","37.4928824"
"280","서일정보산업고","창신3동 13 (지봉로 17길)","153","0","N","763-6242","11110690","창신3동"," "," ","127.0130043","37.5793116"
"281","을지교회"," ","0","0","N"," ","11140605","을지로동"," "," ","126.9950263","37.5656254"
"282","홍파초등학교","제기동 678","0","0","N","967-8182","11230545","제기동"," "," ","127.0393853","37.5861335"
"250","조원동주민센터"," ","0","0","N"," ","11620725","조원동"," "," ","126.9093917","37.481173"
"338","방화6복지관 경로당","방화3동 816","24","0","N","2662-3413","11500641","방화3동"," "," ","126.810894","37.577914"
"340","양강중학교","신월2동 499-2(강서로 594)","1212","0","N","2691-0868","11470570","신월2동"," "," ","126.8494272","37.5247969"
"341","대명초등학교","명일2동 234","0","0","N","481-7875","11740540","명일2동"," "," ","127.1528011","37.5472562"
"342","문래중학교","문래동6가 44","480","0","N","011-9910-4341","11560605","문래동"," "," ","126.8847002","37.520365"
"343","양평1동 주민센터","양평동1가 211-1","20","0","N","2670-1455","11560610","양평1동"," "," ","126.8887421","37.5250278"
"344","신광명 경로당","외발산동 221-1","79","0","N","2666-5606","11500611","발산1동"," "," ","126.8229474","37.5469102"
"345","동구로초등학교","구로동 93","0","0","N","855-1196","11530550","구로4동"," "," ","126.8925095","37.4952572"
"346","석관초등학교","석관동 205","130","0","N","959-1395","11290810","석관동"," "," ","127.0589586","37.6110156"
"347","골안말 경로당","화곡2동 865-1","42","0","N","2692-3095","11500550","화곡2동"," "," ","126.8562488","37.5331928"
"348","초록동 경로당","화곡본동 55-79","130","0","N","2603-0067","11500590","화곡본동"," "," ","126.8485221","37.5411296"
"350","구립당산2동경로당","당산동6가 184","20","0","N","011-725-2383","11560560","당산2동"," "," ","126.903985","37.5349407"
"351","돈암초등학교","동선동 27-1","900","0","N","926-2367","11290575","동선동"," "," ","127.0127754","37.5937228"
"352","양재1동 주민센터","우면동 68-2","0","0","N","2155-7871","11650651","양재1동"," "," ","127.0266742","37.4716608"
"353","청담2문화복지회관","청담동2동 35-10 (학동로 북46길11)","800","0","N","3443-6582","11680565","청담동"," "," ","127.0464651","37.5191032"
"354","홍연초등학교","홍은동 305","330","0","N","394-6175","11410685","홍은2동"," "," ","126.930903","37.5820771"
"355","독립문초등학교","무악동 46-82 (통일로12길 23)","300","0","N","735-7344","11110570","무악동"," "," ","126.9599977","37.5743163"
"356","수유2동주민센터","수유2동 730-1","301","0","N","901-2303","11305620","수유2동"," "," ","127.0199054","37.6446448"
"357","강동초등학교","천호2동 306","0","0","N","489-3211","11740610","천호2동"," "," ","127.1300447","37.5462875"
"358","신흥교회","암사1동 472-20","0","0","N","481-1698","11740570","암사1동"," "," ","127.1305587","37.5501539"
"359","강일중학교","암사3동 448","0","0","N","441-4656","11740590","암사3동"," "," ","127.1383735","37.5553676"
"360","신도림동 주민센터","신도림동390-44","0","0","N","2620-7100","11530510","신도림동"," "," ","126.8805967","37.5077695"
"331","구로4동 주민센터","구로동 317번지 87호","0","0","N","2620-7500","11530550","구로4동"," "," ","126.8891664","37.4916016"
"362","서광경로당","쏙고개로2라길75","15","0","N","010-3727-1351","11620665","서림동"," "," ","126.9420518","37.4760768"
"363","창동고등학교","창1동 694-10 (노해로 62길 7)","4761","0","N","02-3499-6705","11320511","창1동"," "," ","127.0385877","37.6510435"
"364","백운중학교","쌍문2동 68-2 (도봉로 129길 50)","2190","0","N","02-998-4039","11320670","쌍문2동"," "," ","127.0358902","37.6564921"
"365","응암감리교회","응암3동 325-2","970","0","N","303-5323","11380600","응암3동"," "," ","126.9184633","37.5898762"
"367","남성중학교","사당동 304-45","680","0","N","582-7290","11590650","사당4동"," "," ","126.9724434","37.4789456"
"368","오산고교","보광동 168","240","0","N","7999-603","11170700","보광동"," "," ","126.9995931","37.5235333"
"369","보성여고","용산2가 1-1123","970","0","N","793-0051","11170520","용산2가동"," "," ","126.9842846","37.5430897"
"370","서교감리교회","동교로 116(서교동)","150","0","N","334-9078","11440660","서교동"," "," ","126.9150014","37.55457"
"371","송천초등학교","미아동 438 (삼양로20길 29)","2812","0","N","982-9512","11305555","송천동"," "," ","127.0233496","37.615709"
"372","남일교회","사당동 1127-22","200","0","N","599-5395","11590630","사당2동"," "," ","126.979165","37.4880655"
"373","풍문여자고등학교","안국동 175-2 (율곡로 3길 4)","3494","0","N","732-2937","11110540","삼청동"," "," ","126.9834942","37.5766446"
"374","효제초등학교","효제동 255-4 (대학로 12)","175","0","N","742-5760","11110630","종로5.6가"," "," ","127.0030669","37.5730679"
"375","한서초등학교 (강당)","대흥로24바길 27 (염리동)","510","0","N","715-0954","11440610","염리동"," "," ","126.9493416","37.5536804"
"349","천호동중앙교회","천호2동 337-19","0","0","N","485-2122","11740610","천호2동"," "," ","127.1225563","37.5439769"
"361","서초구청","서초2동 1376-3(남부순환로 2584)","0","0","N","2155-6114","11650520","서초2동"," "," ","127.0327209","37.4836201"
"376","영암교회(교회당)","돈암1동 6-12","500","0","N","924-8612","11290580","돈암1동"," "," ","127.0272595","37.6036604"
"377","창문여자고등학교","미아동 8-16(월계로 61)","251","0","N","986-1705","11305545","송중동"," "," ","127.0364498","37.6134771"
"378","오류2동 주민센터","오류동 172-76","0","0","N","2620-7550","11530780","오류2동"," "," ","126.8395008","37.4888087"
"379","구로여자정보산업고등학교"," ","0","0","N"," ","11530790","수궁동"," "," ","126.8281915","37.5002418"
"380","대원외국어고등학교","중곡4동 산 3-18","0","0","N","2204-1529","11215770","중곡4동"," "," ","127.0891173","37.5636685"
"381","선린초등학교","둔촌2동 91-17","0","0","N","470-8900","11740700","둔촌2동"," "," ","127.1455339","37.529664"
"383","증산중학교","증산동 산24","2260","0","N","303-9293","11380640","증산동"," "," ","126.9041368","37.5836674"
"384","서정초등학교","목1동 927-5(진명길 19)","1020","0","N","2648-7002","11470510","목1동"," "," ","126.8671099","37.524253"
"385","경기상업고등학교"," ","0","0","N"," ","11110515","청운효자동"," "," ","126.9699284","37.588561"
"386","길음 종합사회복지관","길음2동 905","300","0","N","985-0161","11290685","길음2동"," "," ","127.0247734","37.6088175"
"387","미양중학교","미아동 837-735","2676","0","N","981-6873","11305534","삼양동"," "," ","127.0121687","37.6235791"
"388","청파초등학교","청파2가 1-42","2310","0","N","3272-9041","11170555","청파동"," "," ","126.9643143","37.5479867"
"389","무학초교","하왕십리 950-1(무학초등길 16)","259","0","N","2298-4017","11200520","왕십리2동"," "," ","127.0295628","37.5632638"
"390","성원중학교","성수2가 333-17(성원중길 36)","393","0","N","463-4295","11200670","성수2가1"," "," ","127.0525395","37.5392935"
"391","서울양재초등학교","양재동 101(바우뫼로 18길 14)","0","0","N","572-7131","11650651","양재1동"," "," ","127.0319136","37.4741646"
"393","한남교회","한남동 625","10","0","N","798-0584","11170685","한남동"," "," ","127.0063888","37.5319441"
"394","중대초등학교","송파2동 191","1200","0","N","422-7236","11710590","송파2동"," "," ","127.1135969","37.4998132"
"395","명신초등학교"," ","0","0","N"," ","11110690","창신3동"," "," ","127.0140632","37.5813782"
"366","은가경로당","북가좌동 5-106","140","0","N","303-0018","11410720","북가좌2동"," "," ","126.9179274","37.5812088"
"155","종합행정타운","이태원 34-87","6720","0","N","2199-6310","11170650","이태원1동"," "," ","126.9904794","37.5324773"
"156","마포삼성@경로당","도화길 28(도화동)","30","0","N","717-0791","11440585","도화동"," "," ","126.9502984","37.5398266"
"157","금화초등학교","천연동 13","165","0","N","364-9275","11410520","천연동"," "," ","126.9630729","37.5680782"
"158","경문고등학교","사당동 산4-2","2000","0","N","535-1301","11590630","사당2동"," "," ","126.981568","37.4923517"
"159","대신고등학교","행촌동 171 (사직로 9)","1470","0","N","736-0317","11110580","교남동"," "," ","126.9618444","37.57354"
"160","서울사대부속여중","동숭동 199 (대학로 64)","1237","0","N","762-5251","11110640","이화동"," "," ","127.0039175","37.5779418"
"161","오류여자중학교","개봉동 143-4","0","0","N","2612-6508","11530740","개봉1동"," "," ","126.8547529","37.4981483"
"162","암사2동 주민센터","강동구 암사동 503-8","0","0","N","3426-0347","11740580","암사2동"," "," ","127.1272382","37.5517511"
"163","중목초등학교","면목2동 180-5(동일로 665)","1000","0","N","2209-0015","11260520","면목2동"," "," ","127.0793691","37.5902589"
"164","상현중학교","상도동 111-52","2440","0","N","815-4620","11590530","상도1동"," "," ","126.9613115","37.494293"
"165","미성동주민센터","난곡로 129","200","0","N","881-4753","11620765","미성동"," "," ","126.915573","37.4761819"
"166","치현초등학교","방화동 833","700","0","N","2661-6273","11500641","방화3동"," "," ","126.8146251","37.5759123"
"167","화원중학교","화곡동 산 144-4","500","0","N","2695-8441","11500540","화곡1동"," "," ","126.8426524","37.5367143"
"168","서울신봉초등학교","양녕로6나길 1","878","0","N","871-9615","11620615","중앙동"," "," ","126.9491483","37.4856133"
"169","난우중학교","난곡로16길 32","60","0","N","863-7225","11620775","난곡동"," "," ","126.9230311","37.4668072"
"382","광희중학교","응봉동 205-1(광희중길 58)","484","0","N","2298-0250","11200580","응봉동"," "," ","127.0342166","37.5510344"
"396","삼일교회","청파1가 180-36","500","0","N","713-2660","11170555","청파동"," "," ","126.9677569","37.5418073"
"170","영광교회","월곡1동 222-7","100","0","N","916-5004","11440630","신수동"," "," ","126.932724","37.5446028"
"172","도림교회","도림동 205-24","300","0","N","010-5235-5916","11560585","도림동"," "," ","126.8971795","37.5101591"
"173","구립문래제1경로당","문래동3가 73-1","20","0","N","2679-9065","11560605","문래동"," "," ","126.8939429","37.5184177"
"174","상도3동주민센터","상도동 315-37","180","0","N","820-2502","11590550","상도3동"," "," ","126.9314158","37.4991358"
"175","성산중학교","성지1길32-13(합정동)","300","0","N","2126-5203","11440680","합정동"," "," ","126.9159645","37.5476373"
"176","당산초등학교","양평동4가 323","1540","0","N","010-4384-6011","11560620","양평2동"," "," ","126.8963895","37.539614"
"177","대영초등학교","신길동 341-1","401","0","N","019-9340-0814","11560670","신길5동"," "," ","126.9065507","37.502675"
"179","고척1동 주민센터","고척동 82-9","0","0","N","2620-7800","11530720","고척1동"," "," ","126.8628141","37.5004122"
"180","구립율산경로당","신길동 9-102","30","0","N","846-4478","11560630","신길1동"," "," ","126.9226591","37.5157342"
"151","구립양평1동경로당","양평동1가 205","10","0","N","2675-9322","11560610","양평1동"," "," ","126.888191","37.5232656"
"181","상수청소년독서실","토정로 148-14(상수동)","50","0","N","02-3153-6712","11440655","서강동"," "," ","126.9270335","37.5450991"
"182","약수 경로당","화곡8동 409-84","28","0","N","2691-2506","11500593","화곡8동"," "," ","126.8475462","37.5380081"
"183","영등포동 주민자치회관","영등포동7가 59-1","35","0","N","2636-8222","11560535","영등포동"," "," ","126.9034287","37.52548"
"185","문정초등학교","문정1동 12","2000","0","N","404-7857","11710641","문정1동"," "," ","127.1292892","37.4890451"
"186","예능교회"," ","0","0","N"," ","11110560","평창동"," "," ","126.9695997","37.6071825"
"187","이문동교회","이문동 260-4","0","0","N","3295-2004","11230740","이문1동"," "," ","127.0606984","37.6009825"
"188","미양고등학교","미아동 837-734","3483","0","N","982-6015","11305534","삼양동"," "," ","127.0123045","37.6238104"
"400","구립대림2동제2경로당","대림동 703-6","35","0","N","017-346-0456","11560710","대림2동"," "," ","126.8993033","37.4928281"
"401","세종대학교 군자관","군자동 98","0","0","N","3408-3114","11215730","군자동"," "," ","127.0739425","37.5495336"
"402","국일교회","상봉2동 86-11(상봉로 25길 27)","300","0","N","432-8096","11260590","상봉2동"," "," ","127.0914775","37.5947552"
"403","갈산초등학교","신정7동 330-10(등촌로 452)","200","0","N","2649-7232","11470680","신정7동"," "," ","126.8698309","37.512004"
"405","강동어린이회관","성내1동 556-1","0","0","N","480-1560","11740640","성내1동"," "," ","127.1224111","37.5291893"
"406","영도교회","도림동 130-22","300","0","N","843-9071","11560585","도림동"," "," ","126.9054805","37.5100593"
"407","용곡초등학교","중곡4동 176-1","2160","0","N","454-0127","11215770","중곡4동"," "," ","127.0884969","37.5671308"
"408","면중초등학교","면목3.8동 491-1(용마산로70길 43)","1000","0","N","433-5384","11260575","면목3.8동"," "," ","127.0965892","37.5823401"
"409","영서초등학교","구로동 165-1","0","0","N","838-5215","11530540","구로3동"," "," ","126.8950267","37.4885999"
"410","대방중학교","신대방동 293-200","1000","0","N","831-2502","11590670","신대방1동"," "," ","126.9136334","37.4953861"
"411","노원초등학교","상계1동 1014(노원구 노원새싹길 18)","2082","0","N","939-1746","11350630","상계1동"," "," ","127.0583984","37.6732718"
"412","이문초등학교","이문동 164-26","0","0","N","959-2025","11230750","이문2동"," "," ","127.0643509","37.6020634"
"413","상일초등학교","상일동 325-1","0","0","N","426-8223","11740520","상일동"," "," ","127.1727125","37.5473003"
"414","대세빌딩","천호3동 155-7","0","0","N","475-5592","11740620","천호3동"," "," ","127.1353379","37.5377898"
"415","한양감리교회","성내2동 203-46","0","0","N","487-2343","11740650","성내2동"," "," ","127.1304647","37.5327075"
"416","원당 경로당","내발산동 650","29","0","N","3665-2515","11500615","우장산동"," "," ","126.8421586","37.557419"
"418","신길4동 주민센터","신길동 209-102","150","0","N","2670-12991","11560660","신길4동"," "," ","126.9112427","37.5083753"
"419","대림초등학교","대방동 391-62","450","0","N","815-6308","11590660","대방동"," "," ","126.9257597","37.5006655"
"420","신월초등학교","화곡동 1080","1000","0","N","2699-4705","11500540","화곡1동"," "," ","126.8394751","37.5401407"
"421","도봉 문화고등학교","방학1동 723 (마들로 598)","3702","0","N","02-3491-7691","11320690","방학1동"," "," ","127.0475728","37.6639745"
"422","화곡초등학교","화곡동 24-266","1100","0","N","2699-3329","11500590","화곡본동"," "," ","126.8459016","37.5429926"
"423","청운초등학교","청운동 123번지 (자하문호 105)","1721","0","N","735-1924","11110515","청운효자동"," "," ","126.9692374","37.5858134"
"424","창신제일교회","창신동 635-2 (창신 7길 7)","40","0","N","3676-0012","11110680","창신2동"," "," ","127.0100232","37.5756954"
"425","창덕초등학교","정릉3동 847","200","0","N","924-3409","11290640","정릉3동"," "," ","127.0003236","37.6119005"
"426","거원초등학교","거여2동 296-1","1950","0","N","3401-3908","11710532","거여2동"," "," ","127.144758","37.4876439"
"427","남명초등학교","신정3동 653-5(남명길 1)","190","0","N","2607-5093","11470640","신정3동"," "," ","126.8539328","37.5154848"
"399","서울마포초등학교","도화2길 64(도화동)","300","0","N","712-0662","11440585","도화동"," "," ","126.9499885","37.5386231"
"428","성내도서관","성내3동 385","0","0","N","471-0044","11740660","성내3동"," "," ","127.1333594","37.5328602"
"430","숭인제1동주민센터","숭인1동 55-2 (지봉로 86)","233","0","N","2148-5492","11110700","숭인1동"," "," ","127.0156471","37.5778373"
"431","광성중고등학교","신수로8길 20(신수동)","242","0","N","3270-1302","11440630","신수동"," "," ","126.9363646","37.5487396"
"432","여의도순복음교회","여의도동 11","636","0","N","010-2739-8773","11560540","여의동"," "," ","126.9241715","37.5305307"
"404","개봉2동 주민센터","개봉동 261-5","0","0","N","2620-7250","11530750","개봉2동"," "," ","126.85656","37.4908348"
"417","고척2동 주민센터","고척동 339-2","0","0","N","2620-7900","11530730","고척2동"," "," ","126.8584369","37.5065938"
"429","창천초등학교","백범로1길 56(노고산동)","1560","0","N","715-6381","11440600","대흥동"," "," ","126.9394337","37.5547801"
"433","당서초등학교","당산동5가 5-3","1904","0","N","010-7362-1904","11560560","당산2동"," "," ","126.8994424","37.5319345"
"434","숭례초등학교","종암동 22","253","0","N","927-5612","11290705","종암동"," "," ","127.0348931","37.5952013"
"435","배문중고교","청파1가 259-3","1060","0","N","3480-7100","11170555","청파동"," "," ","126.9639151","37.5498945"
"436","서울소의초등학교","마포대로24길 42 (아현동)","229","0","N","02-363-0239","11440565","공덕동"," "," ","126.9606038","37.5524038"
"437","서강초등학교","독막로 113(상수동)","290","0","N","02-336-0561","11440655","서강동"," "," ","126.9270708","37.5484025"
"439","신남성초등학교","사당동 199-1","810","0","N","584-7130","11590651","사당5동"," "," ","126.9651091","37.4889754"
"440","원당초등학교","1669-1(봉천로505)","60","0","N","877-4940","11620575","행운동"," "," ","126.9557108","37.4812536"
"441","대신초등학교","대현동 67-1","65","0","N","363-1564","11410585","신촌동"," "," ","126.9480389","37.5580149"
"442","사당청소년문화의집","사당동 산24-17","250","0","N","595-0231","11590640","사당3동"," "," ","126.9757561","37.4854435"
"444","남가좌1동 분회경로당","남가좌동 104-11","53","0","N","304-3532","11410690","남가좌1동"," "," ","126.9167345","37.5695395"
"445","성북초등학교","성북동 66-1","1040","0","N","747-8110","11290525","성북동"," "," ","126.9981205","37.5938878"
"446","천호초등학교 체육관","천호1동 230-9","0","0","N","470-9772","11740600","천호1동"," "," ","127.1362174","37.5475162"
"447","구의초등학교","모진동 3-9","0","0","N","447-4110","11215710","화양동"," "," ","127.0802659","37.5429207"
"448","배봉초등학교","전농동 3-111","0","0","N","2245-8951","11230570","전농2동"," "," ","127.0660865","37.5802312"
"449","명일2동 주민센터","강동구 명일동 223-7","0","0","N","442-0755","11740540","명일2동"," "," ","127.1513797","37.5463638"
"450","천호2동 주민센터","강동구 천호동 302-4","0","0","N","489-0794","11740610","천호2동"," "," ","127.1317431","37.5462327"
"451","장평초등학교","장안동 323","0","0","N","2245-0388","11230660","장안2동"," "," ","127.0729141","37.5738977"
"453","휘경1동 주민센터","휘경동 135-9","0","0","N","2171-6422","11230720","휘경1동"," "," ","127.0657477","37.5929209"
"454","원광장애인복지관","신내1동 572-2","200","0","N","438-2691","11260680","신내1동"," "," ","127.0959992","37.6040298"
"455","묵현초등학교","묵2동 242-55(동일로 157길 75)","3920","0","N","977-9176","11260630","묵2동"," "," ","127.0736452","37.6090393"
"457","군자초등학교","장안동 239-2","0","0","N","2244-0948","11230650","장안1동"," "," ","127.0616104","37.5644518"
"458","대원중학교","중곡4동 산 3-18","0","0","N","2204-1582","11215770","중곡4동"," "," ","127.0894857","37.5637249"
"459","일심 경로당","화곡8동 878-3","28","0","N","2690-8517","11500593","화곡8동"," "," ","126.8514521","37.5302178"
"460","목동중학교","신정2동 88-1(목동동로 142)","396","0","N","070-7602-8007","11470630","신정2동"," "," ","126.8714642","37.5209583"
"461","서울삼성초등학교","대학동 233-1","464","0","N","877-9329","11620735","대학동"," "," ","126.941466","37.4677782"
"462","산돌교회","망우본동 461-51(봉우재길 235)","40","0","N","434-4516","11260570","면목7동"," "," ","127.0841899","37.5771169"
"493","성균관대학교","명륜3가 53 (성균관로 2-25)","1576","0","N","760-1113","11110660","명륜3가동"," "," ","126.9933924","37.5880437"
"494","신수중학교","신수로 49(구수동)","510","0","N","070-8668-2203","11440630","신수동"," "," ","126.9336747","37.5463987"
"495","남사초등학교","사당동 1011-1","700","0","N","583-2274","11590620","사당1동"," "," ","126.9788914","37.4827352"
"496","방화초등학교","방화동 542-2","700","0","N","2663-3621","11500640","방화2동"," "," ","126.8069612","37.5688885"
"497","대진초등학교","개포동 13번지 (개포로 북62길58)","1300","0","N","3412-0473","11680740","일원2동"," "," ","127.0777533","37.4969866"
"498","대모초등학교","일원본동 736번지 (광평로 남11길27)","300","0","N","2226-3716","11680720","일원본동"," "," ","127.0861939","37.4814125"
"499","경일중학교","성수1가 22-27(성수중앙길 90)","600","0","N","468-2765","11200650","성수1가1"," "," ","127.0488162","37.5435354"
"469","건국대학교부속고등학교","자양1동 764","0","0","N","446-9046","11215820","자양1동"," "," ","127.0804549","37.5401648"
"482","우이제일교회","우이동 139-10 (삼양로163길 63)","203","0","N","904-8111","11305645","우이동"," "," ","127.0103193","37.6599354"
"500","일심교회(12층)","성미산로 190-14 (연남동)","42","0","N","010-3737-6789","11440710","연남동"," "," ","126.9256035","37.5625589"
"501","곰달래경로당","신월1동 221-22(남부순환로63길16-4)","39","0","N","2695-1065","11470560","신월1동"," "," ","126.8347999","37.5286161"
"502","구립대림1경로당","대림동 899-2","50","0","N","834-6898","11560700","대림1동"," "," ","126.9059717","37.4954554"
"503","도림동 주민센터","도림동 도영로7길 10","40","0","N","2670-1157","11560585","도림동"," "," ","126.8960031","37.5095567"
"504","길음초등학교","길음1동 635-7","1300","0","N","918-9984","11290660","길음1동"," "," ","127.0178188","37.6140021"
"488","고일초등학교","상일동 125","0","0","N","481-2311","11740520","상일동"," "," ","127.1689205","37.5525268"
"505","서강동주민센터 강당","독막로 175(창전동)","90","0","N","02-3153-6722","11410585","신촌동"," "," ","126.9305972","37.5592958"
"506","강남교회","노량진동 222-73","40","0","N","814-7606","11590510","노량진1동"," "," ","126.9451454","37.5103395"
"507","한국예술고","홍익동 150(도선길 18)","247","0","N","2296-3487","11200535","왕십리도선동"," "," ","127.034657","37.5651319"
"508","신현초등학교","신내2동663(봉화산로 188)","1069","0","N","3421-1170","11260690","신내2동"," "," ","127.0932408","37.6058238"
"509","영파여자중학교"," ","0","0","N"," ","11710520","풍납2동"," "," ","127.1197653","37.5325474"
"510","경희대동서신의학병원","상일동 149","0","0","N","440-6618","11740520","상일동"," "," ","127.1575755","37.553557"
"511","성내2동 주민센터","강동구 성내동 508","0","0","N","489-0857","11740650","성내2동"," "," ","127.1295584","37.5324361"
"512","신답교회","답십리동 58-26","0","0","N","2213-8919","11230610","답십리2동"," "," ","127.0588047","37.5717884"
"514","광장중학교","광장동 394-6","154","0","N","452-0744","11215810","광장동"," "," ","127.1016146","37.5471039"
"515","서울자운초등학교","창4동 181-19 (마들로 13길 166)","2754","0","N","02-908-0383","11320514","창4동"," "," ","127.0466311","37.6579022"
"516","숭인초등학교","월곡1동 222-4","1000","0","N","070-7126-8095","11290715","월곡1동"," "," ","127.0384271","37.6090978"
"55","고덕초등학교","고덕2동 158","0","0","N","426-2768","11740560","고덕2동"," "," ","127.1665402","37.5610494"
"92","동교초등학교","월드컵로25길 86(망원동)","1580","0","N","324-5091","11440700","망원2동"," "," ","126.9020726","37.5583328"
"121","중화2동 문화복지센터","중화2동 321-37(중랑역 3길)","58","0","N","2094-6373","11260610","중화2동"," "," ","127.0750076","37.5949689"
"463","영림초등학교","대림동 993-16","640","0","N","010-7322-6704","11560710","대림2동"," "," ","126.9025454","37.487349"
"438","연서경로당","연남로11길 3(연남동)","41","0","N","011-441-5025","11440710","연남동"," "," ","126.9187633","37.5656918"
"452","하계중학교","하계1동 231-4(노원구 구로정길 23)","2291","0","N","975-5553","11350611","하계1동"," "," ","127.0715826","37.6411204"
"464","성락교회","신길동 355-184","190","0","N","070-7300-6300","11560650","신길3동"," "," ","126.9027647","37.5051409"
"465","구일고등학교","구로동 685-194","0","0","N","858-2549","11530520","구로1동"," "," ","126.8739442","37.4941903"
"466","회기동 주민센터","회기동 347-8","0","0","N","2171-6402","11230710","회기동"," "," ","127.0553972","37.5908104"
"467","사당2동주민센터","사당동 105-12","90","0","N","820-2992","11590630","사당2동"," "," ","126.9792404","37.4887286"
"468","구로중학교","구로동 113","0","0","N","864-4232","11530550","구로4동"," "," ","126.8903454","37.4947492"
"443","금옥초교","금호4가 1254(독서당로 251)","169","0","N","2297-2267","11200620","금호4가동"," "," ","127.0173401","37.5460569"
"456","영란여자중학교","망우본동 220(광천10길 34)","300","0","N","2209-0142","11260655","망우본동"," "," ","127.1054342","37.6036263"
"470","석계초등학교","석관동 27-3","3096","0","N","964-9579","11290810","석관동"," "," ","127.0699198","37.6087583"
"471","남성초등학교","사당동 산24","700","0","N","536-2691","11590640","사당3동"," "," ","126.9756816","37.4844111"
"472","한강초등학교","한강3가 65-5","2070","0","N","798-1949","11170625","한강로동"," "," ","126.9651413","37.5252358"
"473","월정초등학교","화곡동 374","1740","0","N","2694-2055","11500540","화곡1동"," "," ","126.8367024","37.5345552"
"474","방이초등학교","방이1동 167","1400","0","N","423-8845","11710561","방이1동"," "," ","127.1205334","37.5134385"
"475","창서초등학교","창천동 53-38","186","0","N","332-9531","11410585","신촌동"," "," ","126.9335888","37.5577254"
"477","학동초등학교","논현2동 264-7 (선릉로 서37길42)","2103","0","N","546-6472","11680531","논현2동"," "," ","127.0394861","37.5121764"
"478","연희초등학교","연희동 88-1","262","0","N","338-9679","11410615","연희동"," "," ","126.9339245","37.5694841"
"479","서교초등학교","와우산로23길 20-27","1490","0","N","324-2875","11440660","서교동"," "," ","126.9251698","37.554986"
"480","수산교회","중화2동 316-30(중앙역로 35-1)","57","0","N","439-7822","11260610","중화2동"," "," ","127.0759495","37.5976555"
"481","동안교회","이문동 346-99","0","0","N","962-0727","11740650","성내2동"," "," ","127.1251253","37.5354546"
"483","압구정초등학교","압구정동 461 (압구정로 북26길29)","4242","0","N","3446-9646","11680545","압구정동"," "," ","127.0308305","37.5317333"
"484","서울가인초등학교","창5동 224-20 (도봉로 136다길 4)","3136","0","N","02-997-5827","11320515","창5동"," "," ","127.0435392","37.6601773"
"485","오류남초등학교"," ","0","0","N"," ","11530780","오류2동"," "," ","126.8384794","37.489575"
"486","가리봉동 주민센터","디지털로26길 5 에이스하이엔드타워 108호","0","0","N","2620-7700","11530540","구로3동"," "," ","126.8934878","37.4813414"
"487","신우초등학교","삼성동 315","1000","0","N","874-9816","11620745","삼성동"," "," ","126.9328282","37.4628024"
"489","구립모랫말 경로당","도림동 205-23","50","0","N","010-3188-9639","11560585","도림동"," "," ","126.8975167","37.5097323"
"490","경산중고등학교"," ","0","0","N"," ","11110650","혜화동"," "," ","127.0014038","37.5909504"
"491","서빙고초등학교","서빙고 235-1","500","0","N","795-9282","11170690","서빙고동"," "," ","126.99233","37.5217447"
"492","구립양평4가 경로당","양평동4가 238-1","200","0","N","2068-7905","11560620","양평2동"," "," ","126.89628","37.5381508"
"522","상경중학교","상계8동 653(노원구 늘푸른1길 31)","700","0","N","938-7984","11350700","상계8동"," "," ","127.0533922","37.6669473"
"523","성동초등학교","자양2동 694-1","0","0","N","447-2643","11215830","자양2동"," "," ","127.0895409","37.5332002"
"524","장평중학교","장안3동 352","0","0","N","2243-8280","11230650","장안1동"," "," ","127.0709207","37.5665944"
"525","신일중학교","미아동 193-1","1022","0","N","989-4151","11305535","미아동"," "," ","127.0281832","37.6282778"
"526","서울잠전초등학교","잠실본동 229","1400","0","N","423-0063","11710650","잠실본동"," "," ","127.0843785","37.5070763"
"527","중화2동주민센터","중화2동 310-62(정나눔길 22)","86","0","N","2094-6372","11260610","중화2동"," "," ","127.076179","37.6028284"
"278","숭신초등학교","숭인2동 242 (종로58길 30)","100","0","N","2233-3976","11110710","숭인2동"," "," ","127.0170331","37.5719601"
"302","신가초등학교","가락본동 43-1","1700","0","N","401-4677","11710620","가락본동"," "," ","127.1197627","37.5003451"
"528","천호3동 주민센터","강동구 천호동 555","0","0","N","489-0780","11740620","천호3동"," "," ","127.129843","37.539829"
"529","한양사범대","사근동 223(사근동길 404)","188","0","N","2200-3502","11200550","사근동"," "," ","127.0451217","37.5582034"
"530","광진중학교","자양2동 693","0","0","N","447-2750","11215830","자양2동"," "," ","127.0896252","37.5319806"
"531","서울방학초등학교","방학2동 302 (도당로 9길 34)","2109","0","N","02-3492-2227","11320700","방학2동"," "," ","127.0318296","37.6641576"
"532","중동고등학교","일원1동 618 (일원로 7)","800","0","N","2040-2569","11680730","일원1동"," "," ","127.0811545","37.4936434"
"533","강동롯데캐슬경로당","암사3동 414-2","0","0","N","426-1105","11740590","암사3동"," "," ","127.141504","37.5554822"
"534","성내1동 주민센터","강동구 성내동 539-1","0","0","N","489-0837","11740640","성내1동"," "," ","127.1224752","37.5304747"
"535","연동경로당","성미산로29안길 30","36","0","N","010-5278-5581","11440710","연남동"," "," ","126.9237706","37.5655809"
"536","신정초등학교","화곡동 869-42","3000","0","N","2602-2657","11500550","화곡2동"," "," ","126.8526634","37.5328907"
"537","신곡초등학교","화곡동 476-42","900","0","N","2643-4330","11500570","화곡4동"," "," ","126.8557082","37.5389557"
"538","안천중학교","독산1동 1089 (한내로 69-44)","1120","0","N","894-1391","11545610","독산1동"," "," ","126.8875085","37.4595098"
"540","서림경로당","서림3길 47","60","0","N","011-9923-0010","11620665","서림동"," "," ","126.9406116","37.4722792"
"513","도곡2문화센터","도곡2동 459 (남부순환로 남25길34-9)","350","0","N","571-8471","11680656","도곡2동"," "," ","127.0464755","37.4837549"
"541","개봉1동 주민센터","개봉동 166-9","0","0","N","2620-7150","11530740","개봉1동"," "," ","126.8510764","37.5000383"
"542","개봉3동 주민센터","개봉동 360-7","0","0","N","2620-7350","11530760","개봉3동"," "," ","126.8538531","37.4860026"
"543","목동초등학교","신정2동 86-2(신목길 18)","240","0","N","2646-7403","11470630","신정2동"," "," ","126.8721454","37.5228069"
"544","수명 경로당","화곡3동 1044-31","29","0","N","2695-2191","11500560","화곡3동"," "," ","126.8343592","37.5408474"
"545","우성3차아파트 경로당","신길동 4656","32","0","N","842-3360","11560680","신길6동"," "," ","126.9090679","37.4966431"
"546","방화구립 경로당","방화1동 262-7","35","0","N","2664-4221","11500630","방화1동"," "," ","126.81391","37.5697848"
"548","연가초등학교","남가좌동 364-6","100","0","N","372-5996","11410700","남가좌2동"," "," ","126.9178553","37.5799535"
"549","오류초등학교","오류동 15","0","0","N","2612-6120","11530770","오류1동"," "," ","126.8424497","37.4983656"
"550","영남중학교","대림동 735","800","0","N","011-9062-6448","11560720","대림3동"," "," ","126.8958527","37.4978787"
"551","청량초등학교","회기동 산 1-1","0","0","N","962-1344","11230710","회기동"," "," ","127.0559615","37.5923035"
"552","성답교회","용답동 166-1(용답동중앙길 76)","214","0","N","2243-1004","11200790","용답동"," "," ","127.0512329","37.5646332"
"553","연희미용고등학교","가리봉동 137-21","0","0","N","855-1304","11530595","가리봉동"," "," ","126.8944985","37.479212"
"554","양목초등학교","신정4동 1001(양목3길 28)","310","0","N","2603-6070","11470650","신정4동"," "," ","126.8616908","37.5237687"
"555","구로3동 주민센터","구로3동197-17 에이스테크노타워1차 1층 107호","0","0","N","2620-7400","11530540","구로3동"," "," ","126.8933053","37.4857776"
"556","서교동교회","잔다리로6길 11(서교동)","300","0","N","011-9085-1510","11440660","서교동"," "," ","126.9197762","37.5524501"
"557","문래초등학교","문래동3가 77-7","788","0","N","010-4342-4772","11560605","문래동"," "," ","126.8935426","37.5185604"
"558","관악고등학교","양평동2가 23-2","512","0","N","010-8978-5941","11560610","양평1동"," "," ","126.8825947","37.521834"
"559","서울구로남초등학교"," ","0","0","N"," ","11530540","구로3동"," "," ","126.8908446","37.4849993"
"560","도신초등학교","대림동 741-3","1400","0","N","010-7362-1904","11560720","대림3동"," "," ","126.901185","37.4987497"
"561","경성고등학교","성미산로 111(연남동)","190","0","N","010-9939-3870","11440710","연남동"," "," ","126.9190284","37.5634175"
"562","새말경로당","목2동 230-32(목동중앙본로2길13-11)","100","0","N","2642-1223","11470520","목2동"," "," ","126.8700818","37.5398815"
"563","중구민회관"," ","0","0","N"," ","11140590","광희동"," "," ","127.0062461","37.568497"
"539","난향초등학교","신림동 672","445","0","N","839-0291","11620715","난향동"," "," ","126.9175362","37.4622696"
"564","태영 경로당","독막로 268(대흥동)","100","0","N","714-2708","11440590","용강동"," "," ","126.9428183","37.5456165"
"565","우이초등학교","수유동 409-6 (삼양로99길 36)","4191","0","N","991-7532","11305660","인수동"," "," ","127.0150457","37.6388225"
"566","영풍초등학교","거여1동 12","1000","0","N","407-2251","11710531","거여1동"," "," ","127.1432261","37.4961983"
"567","문덕초등학교","문정1동 90-3","1740","0","N","409-9818","11710646","장지동"," "," ","127.1279596","37.4850743"
"568","신천초등학교","잠실5동 27-5","4900","0","N","423-1601","11710680","잠실3동"," "," ","127.0950468","37.5140066"
"569","옥정초교","옥수동 233-16(한림말길 43)","163","0","N","2297-0023","11200645","옥수동"," "," ","127.0152648","37.5418647"
"570","강북청소년수련관","수유동 535-380 (4.19길 224)","1679","0","N","900-6650","11305645","우이동"," "," ","127.0062436","37.6458954"
"572","휘경2동 주민센터","휘경동 312-248","0","0","N","2171-6442","11230730","휘경2동"," "," ","127.0562553","37.588121"
"573","삼각산중학교","미아동 1357-11 (삼양로19길 141)","3065","0","N","986-0197","11305575","삼각산동"," "," ","127.0154254","37.616224"
"574","석촌초등학교","석촌동 267","1500","0","N","416-4075","11710600","석촌동"," "," ","127.1045978","37.5029317"
"575","송파중학교","가락2동 139","1100","0","N","402-1987","11710632","가락2동"," "," ","127.1299459","37.4959523"
"576","세검정초등학교","신영동 219-4 (세검정로 9길 1)","136","0","N","394-5005","11110550","부암동"," "," ","126.9609868","37.6033412"
"547","고척중학교","고척동76-2","0","0","N","6719-7102","11530720","고척1동"," "," ","126.8621388","37.5001442"
"577","수유초등학교","수유동 55-5 (삼양로74길 39)","218","0","N","989-3734","11305610","수유1동"," "," ","127.0201095","37.6309352"
"578","오금초등학교","오금동 7","1900","0","N","449-9902","11710570","오금동"," "," ","127.1319795","37.5093623"
"579","원효1동자치회관","원효1가 26-15","210","0","N","701-4989","11170560","원효로1동"," "," ","126.965921","37.538643"
"581","고경경로당","상도동 438","50","0","N","010-9988-8149","11590530","상도1동"," "," ","126.9539659","37.4974211"
"582","서울동북초등학교","쌍문동 263 (시루봉로 53)","424","0","N","02-993-0116","11320681","쌍문4동"," "," ","127.0260305","37.6549766"
"583","오금고등학교","오금동 34-3","1800","0","N","406-0592","11710570","오금동"," "," ","127.1293523","37.5047211"
"584","신가경로당","북가좌동 318-1","25","0","N","375-8266","11410720","북가좌2동"," "," ","126.9083741","37.5801672"
"585","대한예수교장로회 북아현교회","북아현동 1-1355","190","0","N","363-3722","11410565","충현동"," "," ","126.9514498","37.5638685"
"586","전농초등학교","전농동 306","0","0","N","2244-1883","11230560","전농1동"," "," ","127.054402","37.5746144"
"587","아현감리교회","북아현동 950","300","0","N","312-3061","11410555","북아현동"," "," ","126.9588344","37.5577433"
"588","신동아(아)관리사무소","서빙고 241-21","30","0","N","794-9571","11170690","서빙고동"," "," ","126.9877673","37.5177426"
"589","내곡동 주민센터","염곡동 180-11(염곡말길 9)","0","0","N","2155-7934","11650660","내곡동"," "," ","127.0512045","37.4619494"
"590","공릉중학교","공릉2동 250-1(노원구 화랑대역길 22)","680","0","N","971-5212","11350600","공릉2동"," "," ","127.0836409","37.622368"
"591","광성교회","송파구 풍납1동 474","2500","0","N","485-9981","11710510","풍납1동"," "," ","127.1226778","37.5378318"
"593","상곡초등학교","상계10동 678(노원구 상곡길 18)","824","0","N","935-9204","11350720","상계10동"," "," ","127.0625315","37.6627426"
"594","명성교회 예루살렘관","명일1동 330-5","0","0","N","440-9000","11740530","명일1동"," "," ","127.1481451","37.548234"
"595","강동성심병원","길동 477-2","0","0","N","2224-2123","11740685","길동"," "," ","127.1353799","37.5361261"
"596","용마초등학교","중곡2동 135-1","2750","0","N","3436-4016","11215750","중곡2동"," "," ","127.0844446","37.5582216"
"597","용마중학교","면목4동 378-2(면목로28길 18)","1455","0","N","439-3984","11260540","면목4동"," "," ","127.0859627","37.5742948"
"598","풍납동 천주교회","풍납2동 339-1","2600","0","N","482-1140","11710520","풍납2동"," "," ","127.1186391","37.5305076"
"599","금북초교","금호1가 48-2(대현산2길 21)","397","0","N","2299-5302","11200590","금호1가동"," "," ","127.0235263","37.5573111"
"600","신도봉중학교","쌍문3동 94-1 (도봉로 115길 16)","3138","0","N","02-992-3467","11320680","쌍문3동"," "," ","127.0333463","37.6496153"
"571","염리초등학교","토정로37길 37(염리동)?","580","0","N","715-4441","11440590","용강동"," "," ","126.9459951","37.5426916"
"601","삼각교회","한강1가 305","20","0","N","794-1243","11170625","한강로동"," "," ","126.9713117","37.5334763"
"602","용신동 주민센터","용두동 234-40","0","0","N","2171-6022","11230536","용신동"," "," ","127.0303341","37.5761096"
"603","인수초등학교","수유동 551-19 (인수봉로 269)","2917","0","N","902-2002","11305660","인수동"," "," ","127.0096097","37.6428859"
"605","세곡문화센터","율현동 278-1 (밤고개길 286)","800","0","N","3411-7671","11680700","세곡동"," "," ","127.1069329","37.4690573"
"607","선민교회(지하1층)","성미산로19길 45","45","0","N","011-332-0191","11440590","용강동"," "," ","126.9427266","37.5420908"
"608","장안2동 주민센터","장안동 286-3","0","0","N","2171-6342","11230660","장안2동"," "," ","127.0706106","37.5784794"
"609","번동초등학교","번동 236(오현로 204)","40","0","N","987-1864","11305606","번3동"," "," ","127.0404438","37.6292746"
"397","용두초등학교","용두동 237-1","0","0","N","926-0588","11230536","용신동"," "," ","127.0288143","37.5761546"
"398","용산문화체육센터","문배동 19-2","210","0","N","707-2492","11170560","원효로1동"," "," ","126.9676884","37.537151"
"154","상지초등학교(체육관)","월드컵로 42길(상암동)","300","0","N","010-9937-3530","11440740","상암동"," "," ","126.8824442","37.5796863"
"33","명일1동 주민센터","강동구 명일동 327-5","0","0","N","3426-0277","11740530","명일1동"," "," ","127.1460008","37.5497679"
"334","신서초등학교","신정1동 312(신서7길 20)","209","0","N","2648-3610","11470620","신정1동"," "," ","126.8623063","37.5205741"
"392","포이초등학교","개포4동 1273 (개포로 남24길95)","2464","0","N","571-3976","11680690","개포4동"," "," ","127.0531898","37.4759632"
"178","무지개 경로당","화곡4동 810-6","60","0","N","2653-5930","11500570","화곡4동"," "," ","126.860835","37.5340451"
"210","신석초등학교","대흥로 33(신수동)","240","0","N","715-2450","11440630","신수동"," "," ","126.9380392","37.5443423"
"244","동의초등학교","구의2동 4-5","0","0","N","447-2709","11215860","구의2동"," "," ","127.0991421","37.5534721"
"606","평창동주민센터","평창동 186-9 (세검정로 347)","162","0","N","2148-5134","11110560","평창동"," "," ","126.9669364","37.6054224"
"666","현장민원실","노량진동 10-23","25","0","N","820-2422","11590510","노량진1동"," "," ","126.9560632","37.5130898"
"610","발음 경로당","내발산동 697","27","0","N","2665-6835","11500611","발산1동"," "," ","126.8332228","37.5520498"
"611","가락중학교","송파2동 168","1400","0","N","416-3102","11710590","송파2동"," "," ","127.1188974","37.5024475"
"612","언북초등학교","청담동 27(삼성로 서26길42)","2474","0","N","514-5985","11680565","청담동"," "," ","127.0451261","37.5198535"
"580","연희동주민센터","연희동 77-9","203","0","N","330-8246","11410615","연희동"," "," ","126.9352474","37.5738682"
"592","온조대왕문화체육관","고덕2동 296","0","0","N","428-2020","11740560","고덕2동"," "," ","127.157416","37.5564413"
"476","서울 서래 초등학교","방배로 260","0","0","N","595-7512","11650590","방배본동"," "," ","126.9893434","37.4963062"
"517","신내초등학교","신내1동 441(용마산로125 나길22)","1600","0","N","2207-0502","11260680","신내1동"," "," ","127.1001116","37.6047239"
"604","동빙고교회","동빙고 251-3","30","0","N","790-7501","11170690","서빙고동"," "," ","126.9946441","37.5223266"
"614","신길6동 주민센터","신길동 3741-11","318","0","N","2670-1458","11560680","신길6동"," "," ","126.9096651","37.499388"
"615","신내노인요양원","신내1동 642","2132","0","N","490-2600","11260680","신내1동"," "," ","127.0949148","37.6162441"
"616","구로2동 주민센터","구로2동 704-12","0","0","N","2620-7300","11530530","구로2동"," "," ","126.8832763","37.4913961"
"617","서울당곡초등학교","보라매동 693-2","330","0","N","872-4686","11620525","보라매동"," "," ","126.9297162","37.4903019"
"619","덕원중학교","내발산동 산 59-2","450","0","N","2660-7800","11500611","발산1동"," "," ","126.8287486","37.5485578"
"620","서울개봉초등학교","개봉3동 266","0","0","N","2687-7561","11530760","개봉3동"," "," ","126.8583711","37.4896987"
"621","영등포본동 주민센터","영등포동 592-70","50","0","N","2670-1049","11560515","영등포본동"," "," ","126.9093581","37.5146754"
"622","신길교회","신길동 95-136","500","0","N","010-5212-2256","11560630","신길1동"," "," ","126.9194671","37.5151499"
"623","오현초등학교","번동 248 (월계로221)","104","0","N","987-0418","11305606","번3동"," "," ","127.0462397","37.6232225"
"624","계상초등학교","상계5동 447-1(노원구 안산중앙길 15)","1355","0","N","939-0871","11350670","상계5동"," "," ","127.0681084","37.6628528"
"626","서울개명초등학교"," ","0","0","N"," ","11530760","개봉3동"," "," ","126.8506416","37.4828229"
"627","대동초등학교","대림동 702","800","0","N","010-6555-3630","11560710","대림2동"," "," ","126.8998145","37.4936638"
"628","복종 경로당","방화1동 494-3","29","0","N","2664-0006","11500630","방화1동"," "," ","126.8078066","37.5739006"
"629","구로초등학교","구로동 443","0","0","N","861-1942","11530530","구로2동"," "," ","126.8859504","37.4972518"
"630","월계초등학교","월계2동 561(노원구 안골1길 6)","572","0","N","999-2382","11350570","월계2동"," "," ","127.0508453","37.6279343"
"631","신묵초등학교","묵2동 246-12(동일로 149길 46)","1000","0","N","979-5868","11260630","묵2동"," "," ","127.0755131","37.6074943"
"632","합정동주민센터 (강당","동교로8길 58(합정동)","30","0","N","3153-6794","11440680","합정동"," "," ","126.9057654","37.5494364"
"633","장승중학교","상도동 175-1","1000","0","N","812-4415","11590540","상도2동"," "," ","126.9406755","37.503779"
"634","만민중앙선교회"," ","0","0","N"," ","11530540","구로3동"," "," ","126.8945545","37.4810545"
"635","영남교회","영등포동4가 184-1","106","0","N","010-2271-1853","11560535","영등포동"," "," ","126.9015654","37.5186508"
"636","여의동 주민센터","여의도동 53-22","5","0","N","2670-1083","11560540","여의동"," "," ","126.9346068","37.5176665"
"637","서울창원초등학교","창5동 308 (해등로 103)","2062","0","N","02-991-9169","11320515","창5동"," "," ","127.0401785","37.6526156"
"639","망원초등학교","방울내로5길 28(망원동)","604","0","N","334-5446","11440700","망원2동"," "," ","126.9009887","37.5608574"
"640","은로초등학교","흑석동 245","1040","0","N","02-824-0309","11590605","흑석동"," "," ","126.9600263","37.5031645"
"641","서울 언남초등학교","염곡안1길 25번지","0","0","N","070-8686-4145","11650660","내곡동"," "," ","127.0516668","37.463921"
"642","한내들어린이집","중화2동 332-48(한내들목 5길20)","60","0","N","434-2666","11260610","중화2동"," "," ","127.0750198","37.6042154"
"643","장로회신학대학교","광장동 353","0","0","N","450-0710","11215810","광장동"," "," ","127.1038409","37.5503821"
"644","웰빙스포츠센터","번동 318","2069","0","N","944-2911","11305600","번2동"," "," ","127.037686","37.6305229"
"645","용원초등학교","공릉1?3동 709(노원구 섬밭길 144)","2028","0","N","948-5305","11350605","공릉1.3동"," "," ","127.0687071","37.6297145"
"646","서울창도초등학교","방학1동 722-9 (방학로 32-28)","2434","0","N","02-3492-0009","11320690","방학1동"," "," ","127.0495224","37.6640384"
"647","월촌초등학교","목5동 901-1(모세미길 85)","215","0","N","2649-5171","11470550","목5동"," "," ","126.8768478","37.5402148"
"648","대림정보문화도서관","대림동 608-2","52","0","N","010-9288-0116","11560720","대림3동"," "," ","126.896089","37.5043127"
"613","온수초등학교","온수동 산2-8","0","0","N","2684-5287","11530790","수궁동"," "," ","126.8259846","37.494139"
"625","상원초등학교","상계9동 645(노원구 늘푸른3길 59)","1480","0","N","938-1157","11350710","상계9동"," "," ","127.0596237","37.6676601"
"618","금옥중학교","신정3동 729(신정로 100)","270","0","N","2606-6477","11470640","신정3동"," "," ","126.8436566","37.5103943"
"638","언주초등학교","도곡1동 922 (남부순환로 북6길26)","2110","0","N","3462-2519","11680655","도곡1동"," "," ","127.0370764","37.4869806"
"649","수정성결교회","대림동 665-11","200","0","N","017-363-4425","11560720","대림3동"," "," ","126.8980828","37.5007582"
"650","금양초등학교","효창동 116-4","2950","0","N","703-9841","11170580","효창동"," "," ","126.9611083","37.5407467"
"652","서울창림초등학교","창동 412-4 (덕릉로 63길 46)","3610","0","N","02-992-8635","11320512","창2동"," "," ","127.0413972","37.6432767"
"653","강남초교","상도동 501","800","0","N","824-4471","11590530","상도1동"," "," ","126.953443","37.5062024"
"654","성암국제무역고","미아동 327","1144","0","N","989-8181","11305555","송천동"," "," ","127.0246532","37.6209013"
"655","동작고등학교","사당동 236-4","1000","0","N","588-4197","11590651","사당5동"," "," ","126.9649102","37.4824203"
"657","구로1동 주민센터","구로1동685-213","0","0","N","2620-7200","11530520","구로1동"," "," ","126.8758056","37.493046"
"658","방배중학교","반포4동 586-1","0","0","N","532-1342","11650581","반포4동"," "," ","126.9984975","37.4942305"
"659","평화초등학교","가락본동 106","1700","0","N","433-2749","11710620","가락본동"," "," ","127.1228021","37.491599"
"660","홍성교회","홍제3동 286-30","400","0","N","391-4567","11410640","홍제3동"," "," ","126.9491956","37.5978567"
"661","송원초교","송정동 72-8(동일로43길 9)","186","0","N","469-5071","11200720","송정동"," "," ","127.0694957","37.5540565"
"662","중화중학교","면목3.8동 83(용마산로 364)","879","0","N","439-5817","11260575","면목3.8동"," "," ","127.0952576","37.5845501"
"664","숭의여자고등학교","대방동20-114","500","0","N","810-7811","11590660","대방동"," "," ","126.9288845","37.5075802"
"665","동빙고할머니경로당","동빙고동 65","70","0","N","797-2795","11170690","서빙고동"," "," ","126.9964304","37.5228929"
"667","평강교회","번동 412-18 (한천로995)","337","0","N","902-1227","11440565","공덕동"," "," ","126.962078","37.5554785"
"668","제기동 주민센터","제기동 287-33","0","0","N","2171-6062","11230545","제기동"," "," ","127.034679","37.5837333"
"669","천동초등학교","길동 371-1","0","0","N","483-4445","11740685","길동"," "," ","127.138015","37.5406167"
"670","둔촌1동 주민센터","강동구 둔촌동 172-5","0","0","N","489-1512","11740690","둔촌1동"," "," ","127.1367425","37.5234889"
"671","논현2문화복지회관","논현2동 114-24 (학동로 북32길17)","1500","0","N","3443-6569","11680531","논현2동"," "," ","127.037204","37.5172677"
"672","현강여자정보고등학교","고덕2동 295-1","0","0","N","3427-7400","11740620","천호3동"," "," ","127.1331341","37.536319"
"673","풍납초등학교"," ","0","0","N"," ","11710510","풍납1동"," "," ","127.1179289","37.5346363"
"674","도성초등학교","역삼2동 714 (역삼로 313)","1786","0","N","567-0214","11680650","역삼2동"," "," ","127.0490386","37.5011807"
"675","송중초등학교","미아동 94-1(오현로 9)","40","0","N","985-1923","11305545","송중동"," "," ","127.0313824","37.6170846"
"676","청량리동 주민센터","청량리 57-6","0","0","N","2171-6362","11230705","청량리동"," "," ","127.0472981","37.5862863"
"677","봉바위 경로당","화곡동 1061-36","27","0","N","2604-1159","11500615","우장산동"," "," ","126.8414093","37.5432392"
"678","신서중학교","신정1동 310-6(강서로 709)","1240","0","N","2654-8018","11470620","신정1동"," "," ","126.8558493","37.5159112"
"679","내발산 경로당","내발산동 671-30","73","0","N","2659-3898","11500615","우장산동"," "," ","126.8401206","37.5541789"
"680","낙루경로당","월드컵북로38 나길 25","11","0","N","305-8314","11440730","성산2동"," "," ","126.9064934","37.5707334"
"681","공원 경로당","화곡1동 379-32","73","0","N","2699-4474","11500540","화곡1동"," "," ","126.8385413","37.5380327"
"682","신덕교회 대예배실","만리재로 48(신공덕동)","172","0","N","02-704-9090","11440565","공덕동"," "," ","126.9554285","37.5443365"
"683","삼성1문화센터","삼성동 8 (봉은사로 616)","450","0","N","568-9989","11680580","삼성1동"," "," ","127.062504","37.5143539"
"684","성수중학교","성수1가 685-143(성수중길 63)","204","0","N","463-4786","11200660","성수1가2"," "," ","127.0383673","37.5482075"
"651","한강미디어고등학교","양평동4가 315-1","532","0","N","017-245-2715","11560620","양평2동"," "," ","126.8971258","37.5393082"
"663","장위초등학교","장위2동 68-8","1369","0","N","915-4325","11290770","장위2동"," "," ","127.0499837","37.6124074"
"656","성내3동 주민센터","강동구 성내동 430-29","0","0","N","489-0845","11740660","성내3동"," "," ","127.1329027","37.5260467"
"685","관악초등학교","청룡동 920","992","0","N","874-3837","11620595","청룡동"," "," ","126.9431002","37.4806388"
"686","삼선초등학교","삼선동 3가 30-4","3689","0","N","742-1847","11290555","삼선동"," "," ","127.0123266","37.5866443"
"687","해공도서관","천호2동 360","0","0","N","478-3211","11740610","천호2동"," "," ","127.1256067","37.5439366"
"688","을지초등학교","중계1동 360(노원구 무수동길 239)","1607","0","N","951-2744","11350621","중계1동"," "," ","127.0731328","37.6507925"
"689","선화예술학교(중학교)","능동 25","0","0","N","2204-1016","11215780","능동"," "," ","127.0875822","37.5501512"
"690","홍제3동주민센터","홍제동 7-13","30","0","N","330-8420","11410640","홍제3동"," "," ","126.9497106","37.5937638"
"691","원광종합복지관","신내1동 572-2","3472","0","N","438-4011","11260680","신내1동"," "," ","127.0959559","37.6043596"
"692","원묵초등학교","묵1동 11(숙선옹주로 109)","880","0","N","3421-2102","11260620","묵1동"," "," ","127.0862899","37.6179826"
"693","중원초등학교","중계2동 502(노원구 섬밭길 316)","490","0","N","971-4771","11350625","중계2.3동"," "," ","127.0628056","37.6438528"
"694","암사3동 주민센터","강동구 암사동 414-2","0","0","N","442-2582","11740590","암사3동"," "," ","127.140775","37.5549978"